,Value
0,42.1
1,41.0
2,41.0
3,41.0
4,39.9
5,39.9
6,39.0
7,39.0
8,39.0
9,39.9
10,39.9
11,39.9
12,39.9
13,39.9
14,39.0
15,39.0
16,37.9
17,37.9
18,37.0
19,37.0
20,36.0
21,35.1
22,35.1
23,35.1
24,34.0
25,34.0
26,34.0
27,34.0
28,33.1
29,33.1
30,33.1
31,34.0
32,34.0
33,35.1
34,37.0
35,37.0
36,37.9
37,39.0
38,39.0
39,39.9
40,39.0
41,37.0
42,36.0
43,36.0
44,35.1
45,36.0
46,35.1
47,36.0
48,35.1
49,36.0
50,36.0
51,36.0
52,37.0
53,36.0
54,35.1
55,36.0
56,37.9
57,39.0
58,43.0
59,44.1
60,44.1
61,44.1
62,42.1
63,41.0
64,41.0
65,41.0
66,39.9
67,39.0
68,37.9
69,37.0
70,37.0
71,36.0
72,36.0
73,36.0
74,35.1
75,34.0
76,33.1
77,30.9
78,30.0
79,28.9
80,28.9
81,28.0
82,28.0
83,28.0
84,30.0
85,28.0
86,28.0
87,26.1
88,23.0
89,21.0
90,19.9
91,19.0
92,18.0
93,17.1
94,12.0
95,12.0
96,12.0
97,10.9
98,10.9
99,12.0
100,12.9
101,17.1
102,19.0
103,21.9
104,25.0
105,27.0
106,28.0
107,28.0
108,28.0
109,27.0
110,27.0
111,28.0
112,28.9
113,28.0
114,28.0
115,27.0
116,28.0
117,27.0
118,26.1
119,26.1
120,25.0
121,26.1
122,26.1
123,27.0
124,30.0
125,30.0
126,33.1
127,36.0
128,37.9
129,39.9
130,39.9
131,39.0
132,37.9
133,37.9
134,37.0
135,36.0
136,37.0
137,36.0
138,35.1
139,34.0
140,35.1
141,34.0
142,33.1
143,33.1
144,32.0
145,32.0
146,30.9
147,32.0
148,35.1
149,37.9
150,42.1
151,42.1
152,44.1
153,45.0
154,45.0
155,45.0
156,45.0
157,46.0
158,45.0
159,46.0
160,45.0
161,45.0
162,44.1
163,42.1
164,42.1
165,42.1
166,39.0
167,39.2
168,37.4
169,37.4
170,37.4
171,35.6
172,35.6
173,35.6
174,35.6
175,37.4
176,39.2
177,41.0
178,42.8
179,42.8
180,42.8
181,43.0
182,43.0
183,43.0
184,44.1
185,44.1
186,44.6
187,44.1
188,44.1
189,44.1
190,44.1
191,44.1
192,43.0
193,42.1
194,42.1
195,42.1
196,42.1
197,42.8
198,41.0
199,41.0
200,41.0
201,41.0
202,39.9
203,41.0
204,41.0
205,41.0
206,42.1
207,42.1
208,42.1
209,44.1
210,45.0
211,44.1
212,44.1
213,46.0
214,46.0
215,46.0
216,46.0
217,46.0
218,46.0
219,46.0
220,45.0
221,45.0
222,46.0
223,46.0
224,46.0
225,46.9
226,46.9
227,46.0
228,46.0
229,46.0
230,46.0
231,46.0
232,46.0
233,46.0
234,44.6
235,45.0
236,45.0
237,45.0
238,45.0
239,45.0
240,45.0
241,45.0
242,44.6
243,45.0
244,45.0
245,45.0
246,44.6
247,46.0
248,48.0
249,48.9
250,48.9
251,50.0
252,50.0
253,57.0
254,57.2
255,57.0
256,57.0
257,57.0
258,57.0
259,57.0
260,57.0
261,57.0
262,57.9
263,59.0
264,59.0
265,57.0
266,57.0
267,57.0
268,57.0
269,57.0
270,55.9
271,55.0
272,52.0
273,46.9
274,43.0
275,41.0
276,41.0
277,39.0
278,39.0
279,36.0
280,34.0
281,33.1
282,32.0
283,30.9
284,30.0
285,30.0
286,30.9
287,30.9
288,32.0
289,33.1
290,33.1
291,33.1
292,33.1
293,32.0
294,30.9
295,28.9
296,28.9
297,28.0
298,27.0
299,27.0
300,26.1
301,25.0
302,25.0
303,25.0
304,26.1
305,26.1
306,26.1
307,27.0
308,28.0
309,28.9
310,33.1
311,37.9
312,39.9
313,42.1
314,43.0
315,44.1
316,43.0
317,37.0
318,36.0
319,37.0
320,37.9
321,37.0
322,33.1
323,32.0
324,30.0
325,27.0
326,26.1
327,25.0
328,24.1
329,23.0
330,23.0
331,21.9
332,21.9
333,23.0
334,24.1
335,25.0
336,26.1
337,28.0
338,28.0
339,28.0
340,28.0
341,27.0
342,26.1
343,25.0
344,24.1
345,24.1
346,24.1
347,23.0
348,23.0
349,23.0
350,21.9
351,23.0
352,23.0
353,23.0
354,24.1
355,24.1
356,24.1
357,26.1
358,27.0
359,28.9
360,30.9
361,33.1
362,35.1
363,36.0
364,37.0
365,37.0
366,37.0
367,37.0
368,37.9
369,37.0
370,37.0
371,37.0
372,37.0
373,36.0
374,37.0
375,36.0
376,35.1
377,35.1
378,37.0
379,37.0
380,37.0
381,39.0
382,41.0
383,42.1
384,46.0
385,48.0
386,51.1
387,50.0
388,48.9
389,48.9
390,48.9
391,48.9
392,48.9
393,48.0
394,46.0
395,46.0
396,46.0
397,45.0
398,44.1
399,44.6
400,44.1
401,43.0
402,42.1
403,42.1
404,42.8
405,42.1
406,43.0
407,43.0
408,43.0
409,43.0
410,43.0
411,43.0
412,43.0
413,42.8
414,43.0
415,44.1
416,44.1
417,45.0
418,46.9
419,48.0
420,50.0
421,50.0
422,51.1
423,50.0
424,50.0
425,46.9
426,46.0
427,46.0
428,45.0
429,44.1
430,43.0
431,42.1
432,42.1
433,41.0
434,41.0
435,41.0
436,41.0
437,41.0
438,39.9
439,39.0
440,37.0
441,36.0
442,35.1
443,35.1
444,35.1
445,35.1
446,35.1
447,36.0
448,36.0
449,35.1
450,34.0
451,30.9
452,30.0
453,30.0
454,30.0
455,30.0
456,30.0
457,30.0
458,30.0
459,30.0
460,30.0
461,30.0
462,30.0
463,30.0
464,30.9
465,30.9
466,30.9
467,30.9
468,30.0
469,30.0
470,28.9
471,27.0
472,21.9
473,23.0
474,23.0
475,21.9
476,23.0
477,23.0
478,24.1
479,26.1
480,26.1
481,28.0
482,26.1
483,25.0
484,23.0
485,23.0
486,21.9
487,21.0
488,19.9
489,19.9
490,19.0
491,18.0
492,18.0
493,17.1
494,17.1
495,17.1
496,17.1
497,17.1
498,16.0
499,16.0
500,18.0
501,19.9
502,23.0
503,24.1
504,25.0
505,26.1
506,27.0
507,28.0
508,28.0
509,28.0
510,27.0
511,27.0
512,27.0
513,27.0
514,28.0
515,28.0
516,28.9
517,28.0
518,28.0
519,28.0
520,27.0
521,28.0
522,28.0
523,28.9
524,30.0
525,30.9
526,33.1
527,35.1
528,36.0
529,36.0
530,36.0
531,36.0
532,35.1
533,34.0
534,34.0
535,33.1
536,33.1
537,32.0
538,30.9
539,30.9
540,30.0
541,30.0
542,28.9
543,28.0
544,27.0
545,27.0
546,27.0
547,27.0
548,28.0
549,30.0
550,32.0
551,33.1
552,35.1
553,35.1
554,35.1
555,34.0
556,32.0
557,30.9
558,30.9
559,30.0
560,28.9
561,28.0
562,27.0
563,26.1
564,24.1
565,23.0
566,21.9
567,21.9
568,21.0
569,21.9
570,21.0
571,21.9
572,23.0
573,25.0
574,26.1
575,28.0
576,28.9
577,28.9
578,28.9
579,28.9
580,28.9
581,28.9
582,28.0
583,28.0
584,28.0
585,28.9
586,27.0
587,27.0
588,27.0
589,26.1
590,26.1
591,25.0
592,24.8
593,25.0
594,24.1
595,25.0
596,25.0
597,24.1
598,24.1
599,24.1
600,24.1
601,24.1
602,24.1
603,24.1
604,24.1
605,25.0
606,25.0
607,25.0
608,25.0
609,26.1
610,27.0
611,27.0
612,27.0
613,27.0
614,27.0
615,27.0
616,27.0
617,27.0
618,27.0
619,27.0
620,27.0
621,27.0
622,27.0
623,27.0
624,27.0
625,27.0
626,26.1
627,25.0
628,24.1
629,25.0
630,25.0
631,26.1
632,26.1
633,27.0
634,27.0
635,27.0
636,26.1
637,26.1
638,27.0
639,26.1
640,26.1
641,26.1
642,26.1
643,24.1
644,21.9
645,21.9
646,21.9
647,21.9
648,19.9
649,19.9
650,21.0
651,24.1
652,27.0
653,30.0
654,32.0
655,33.1
656,35.1
657,35.1
658,35.1
659,33.1
660,32.0
661,32.0
662,32.0
663,32.0
664,30.9
665,30.9
666,30.9
667,30.0
668,30.0
669,30.0
670,28.9
671,28.9
672,28.9
673,30.9
674,32.0
675,35.1
676,35.1
677,35.1
678,37.0
679,37.9
680,37.0
681,36.0
682,35.1
683,36.0
684,36.0
685,36.0
686,36.0
687,37.9
688,39.0
689,39.9
690,39.0
691,39.0
692,39.0
693,39.0
694,39.9
695,39.0
696,41.0
697,41.0
698,42.1
699,43.0
700,42.1
701,44.1
702,45.0
703,46.9
704,48.0
705,46.9
706,46.9
707,46.0
708,46.9
709,46.9
710,46.9
711,46.9
712,46.9
713,46.0
714,46.0
715,45.0
716,45.0
717,44.1
718,43.0
719,43.0
720,42.1
721,41.0
722,39.9
723,41.0
724,43.0
725,44.1
726,44.1
727,44.1
728,44.1
729,42.1
730,41.0
731,41.0
732,39.0
733,37.0
734,37.0
735,35.1
736,35.1
737,34.0
738,34.0
739,33.1
740,33.1
741,33.1
742,34.0
743,34.0
744,33.1
745,36.0
746,36.0
747,39.0
748,39.9
749,41.0
750,41.0
751,42.1
752,41.0
753,39.9
754,39.9
755,41.0
756,39.9
757,39.9
758,39.0
759,39.0
760,39.9
761,39.0
762,37.9
763,37.9
764,37.0
765,37.0
766,37.0
767,35.1
768,35.1
769,37.0
770,37.9
771,37.9
772,39.9
773,39.9
774,39.9
775,39.9
776,39.9
777,39.0
778,37.9
779,36.0
780,35.1
781,34.0
782,33.1
783,32.0
784,30.9
785,28.9
786,28.0
787,28.0
788,28.0
789,28.0
790,28.0
791,28.0
792,28.9
793,30.0
794,30.9
795,33.1
796,35.1
797,36.0
798,37.0
799,39.0
800,39.0
801,37.9
802,39.0
803,39.0
804,39.0
805,39.0
806,37.9
807,37.9
808,37.0
809,37.0
810,37.0
811,37.0
812,37.0
813,37.9
814,37.9
815,39.0
816,37.9
817,39.9
818,41.0
819,45.0
820,48.0
821,52.0
822,53.1
823,55.0
824,55.0
825,48.9
826,46.9
827,46.0
828,48.0
829,52.0
830,54.0
831,51.1
832,51.1
833,50.0
834,50.0
835,50.0
836,50.0
837,50.0
838,50.0
839,48.9
840,50.0
841,51.1
842,52.0
843,55.0
844,57.0
845,59.0
846,57.9
847,55.9
848,53.1
849,52.0
850,52.0
851,51.1
852,50.0
853,48.0
854,46.9
855,46.0
856,44.1
857,43.0
858,42.1
859,41.0
860,39.9
861,39.0
862,39.0
863,39.0
864,39.0
865,39.9
866,43.0
867,46.0
868,48.0
869,48.0
870,48.9
871,48.9
872,48.9
873,48.0
874,46.0
875,45.0
876,45.0
877,44.1
878,43.0
879,43.0
880,43.0
881,42.1
882,44.1
883,43.0
884,44.1
885,45.0
886,46.0
887,48.0
888,48.0
889,48.0
890,50.0
891,50.0
892,50.0
893,51.1
894,53.1
895,54.0
896,54.0
897,53.1
898,53.1
899,54.0
900,54.0
901,55.0
902,55.9
903,55.9
904,57.0
905,57.0
906,57.0
907,57.0
908,55.9
909,55.9
910,55.9
911,55.9
912,55.9
913,55.9
914,55.9
915,55.0
916,55.0
917,55.9
918,57.9
919,57.0
920,57.9
921,57.9
922,57.9
923,57.9
924,57.9
925,57.9
926,57.9
927,57.9
928,57.9
929,57.9
930,57.0
931,55.9
932,55.9
933,55.9
934,55.9
935,55.4
936,54.0
937,52.0
938,51.1
939,51.1
940,52.0
941,52.0
942,53.1
943,52.0
944,51.1
945,51.1
946,51.1
947,50.0
948,50.0
949,48.9
950,48.9
951,46.9
952,46.0
953,44.1
954,44.1
955,41.0
956,39.9
957,37.0
958,35.1
959,33.8
960,34.0
961,34.0
962,34.0
963,33.1
964,33.1
965,33.1
966,32.0
967,32.0
968,32.0
969,30.9
970,30.9
971,30.9
972,30.9
973,30.9
974,30.9
975,30.9
976,32.0
977,30.9
978,32.0
979,32.0
980,30.9
981,32.0
982,32.0
983,32.0
984,32.0
985,33.1
986,33.1
987,33.1
988,37.0
989,39.0
990,39.0
991,37.9
992,37.0
993,36.0
994,35.1
995,34.0
996,33.1
997,33.1
998,32.0
999,32.0
1000,30.9
1001,30.9
1002,30.9
1003,30.9
1004,30.9
1005,30.9
1006,30.9
1007,33.1
1008,34.0
1009,37.0
1010,37.9
1011,39.0
1012,37.9
1013,39.0
1014,39.9
1015,37.9
1016,39.0
1017,39.0
1018,39.0
1019,37.9
1020,37.9
1021,37.0
1022,37.0
1023,36.0
1024,36.0
1025,36.0
1026,35.1
1027,35.1
1028,34.0
1029,35.1
1030,35.1
1031,37.0
1032,39.0
1033,41.0
1034,42.1
1035,45.0
1036,46.9
1037,46.0
1038,45.0
1039,43.0
1040,42.1
1041,41.0
1042,39.9
1043,39.0
1044,39.0
1045,39.9
1046,39.0
1047,39.0
1048,37.9
1049,37.9
1050,37.9
1051,37.9
1052,37.9
1053,37.9
1054,37.9
1055,37.9
1056,37.9
1057,37.9
1058,37.0
1059,37.0
1060,35.6
1061,33.8
1062,34.0
1063,32.0
1064,32.0
1065,32.0
1066,32.0
1067,32.0
1068,32.0
1069,32.0
1070,30.9
1071,30.9
1072,30.9
1073,32.0
1074,32.0
1075,33.1
1076,33.1
1077,32.0
1078,32.0
1079,32.0
1080,32.0
1081,30.9
1082,30.0
1083,28.9
1084,28.0
1085,28.4
1086,28.9
1087,28.0
1088,28.0
1089,28.0
1090,28.0
1091,28.0
1092,28.0
1093,28.0
1094,28.0
1095,27.0
1096,27.0
1097,28.0
1098,28.0
1099,28.0
1100,28.9
1101,28.9
1102,30.9
1103,30.9
1104,33.8
1105,33.1
1106,34.0
1107,34.0
1108,35.1
1109,36.0
1110,36.0
1111,35.1
1112,33.1
1113,34.0
1114,34.0
1115,35.1
1116,34.0
1117,34.0
1118,34.0
1119,34.0
1120,33.1
1121,33.1
1122,33.1
1123,33.1
1124,33.1
1125,33.1
1126,33.8
1127,33.1
1128,33.1
1129,33.8
1130,33.1
1131,33.1
1132,33.1
1133,33.1
1134,33.1
1135,33.1
1136,33.1
1137,33.1
1138,33.1
1139,33.1
1140,33.8
1141,33.1
1142,33.1
1143,33.1
1144,34.0
1145,34.0
1146,34.0
1147,35.1
1148,35.1
1149,35.1
1150,37.4
1151,37.0
1152,37.9
1153,37.9
1154,37.9
1155,37.9
1156,37.0
1157,36.0
1158,34.0
1159,33.1
1160,32.0
1161,32.0
1162,30.9
1163,30.9
1164,30.0
1165,28.0
1166,27.0
1167,26.1
1168,26.1
1169,26.1
1170,26.1
1171,25.0
1172,24.1
1173,23.0
1174,23.0
1175,23.0
1176,24.1
1177,24.1
1178,26.1
1179,24.1
1180,25.0
1181,24.1
1182,24.1
1183,23.0
1184,23.0
1185,21.9
1186,21.0
1187,19.9
1188,19.9
1189,19.0
1190,18.0
1191,18.0
1192,18.0
1193,17.1
1194,17.1
1195,16.0
1196,16.0
1197,16.0
1198,16.0
1199,17.1
1200,19.0
1201,21.9
1202,25.0
1203,25.0
1204,25.0
1205,26.1
1206,26.1
1207,25.0
1208,24.1
1209,24.1
1210,23.0
1211,23.0
1212,23.0
1213,21.9
1214,23.0
1215,21.9
1216,21.0
1217,21.0
1218,21.0
1219,21.0
1220,21.0
1221,21.0
1222,21.0
1223,21.0
1224,21.0
1225,19.9
1226,19.9
1227,18.0
1228,18.0
1229,17.1
1230,15.1
1231,12.0
1232,10.0
1233,9.0
1234,7.0
1235,6.1
1236,6.1
1237,6.1
1238,6.1
1239,6.1
1240,5.0
1241,5.0
1242,3.0
1243,3.0
1244,1.0
1245,1.225
1246,1.45
1247,1.6749999999999998
1248,1.9
1249,5.0
1250,9.0
1251,10.9
1252,12.0
1253,14.0
1254,15.1
1255,15.1
1256,15.1
1257,15.1
1258,15.1
1259,14.0
1260,14.0
1261,14.0
1262,14.0
1263,14.0
1264,14.0
1265,14.0
1266,14.0
1267,15.1
1268,16.0
1269,17.1
1270,18.0
1271,19.0
1272,19.9
1273,21.0
1274,21.9
1275,23.0
1276,23.0
1277,23.0
1278,24.1
1279,24.1
1280,25.0
1281,25.0
1282,26.1
1283,26.1
1284,27.0
1285,27.0
1286,28.0
1287,28.4
1288,28.9
1289,30.0
1290,30.0
1291,30.0
1292,30.9
1293,32.0
1294,33.8
1295,33.1
1296,33.1
1297,33.1
1298,33.1
1299,34.0
1300,34.0
1301,34.0
1302,33.1
1303,33.1
1304,33.1
1305,34.0
1306,34.0
1307,34.0
1308,35.1
1309,35.1
1310,35.1
1311,37.9
1312,37.9
1313,39.0
1314,42.8
1315,44.1
1316,46.9
1317,48.0
1318,48.0
1319,48.0
1320,46.9
1321,48.0
1322,48.0
1323,48.9
1324,48.9
1325,50.0
1326,51.1
1327,52.0
1328,52.0
1329,52.0
1330,53.1
1331,52.0
1332,51.8
1333,51.1
1334,52.0
1335,53.1
1336,53.1
1337,53.1
1338,53.1
1339,53.1
1340,53.1
1341,52.0
1342,53.1
1343,52.0
1344,51.8
1345,52.0
1346,52.0
1347,53.1
1348,53.1
1349,52.0
1350,52.0
1351,52.0
1352,52.0
1353,52.0
1354,53.1
1355,53.1
1356,53.1
1357,53.6
1358,53.1
1359,51.1
1360,48.0
1361,46.9
1362,46.0
1363,44.6
1364,45.0
1365,43.0
1366,42.1
1367,39.0
1368,37.9
1369,37.9
1370,37.0
1371,37.0
1372,37.4
1373,37.0
1374,37.0
1375,37.0
1376,37.0
1377,37.0
1378,37.0
1379,39.0
1380,39.0
1381,39.0
1382,39.0
1383,39.0
1384,39.0
1385,39.0
1386,37.9
1387,37.0
1388,37.0
1389,37.0
1390,37.0
1391,36.0
1392,36.0
1393,35.1
1394,35.1
1395,34.0
1396,33.1
1397,32.0
1398,30.9
1399,30.0
1400,28.9
1401,28.0
1402,27.0
1403,28.9
1404,28.9
1405,30.0
1406,32.0
1407,32.0
1408,35.1
1409,35.1
1410,35.1
1411,35.1
1412,33.1
1413,32.0
1414,30.9
1415,30.0
1416,28.9
1417,28.0
1418,28.0
1419,27.0
1420,26.1
1421,25.0
1422,25.0
1423,24.1
1424,25.0
1425,25.0
1426,27.0
1427,28.9
1428,30.9
1429,32.0
1430,35.1
1431,36.0
1432,35.1
1433,35.1
1434,35.1
1435,34.0
1436,35.1
1437,36.0
1438,37.0
1439,37.9
1440,37.9
1441,37.9
1442,37.9
1443,39.0
1444,39.0
1445,39.0
1446,39.9
1447,41.0
1448,41.0
1449,43.0
1450,43.0
1451,43.0
1452,43.0
1453,44.1
1454,45.0
1455,48.9
1456,52.0
1457,55.0
1458,57.0
1459,57.9
1460,61.0
1461,61.0
1462,60.1
1463,59.0
1464,57.9
1465,57.0
1466,55.0
1467,54.0
1468,54.0
1469,54.0
1470,54.0
1471,52.0
1472,52.0
1473,50.0
1474,50.0
1475,51.1
1476,50.0
1477,51.1
1478,51.1
1479,52.0
1480,53.1
1481,53.1
1482,53.1
1483,54.0
1484,55.0
1485,54.0
1486,54.0
1487,53.1
1488,50.0
1489,51.1
1490,48.9
1491,46.9
1492,46.0
1493,45.0
1494,44.1
1495,43.0
1496,42.1
1497,39.9
1498,39.9
1499,39.0
1500,37.9
1501,39.9
1502,42.1
1503,43.0
1504,44.1
1505,46.9
1506,48.9
1507,51.1
1508,51.1
1509,52.0
1510,51.1
1511,48.9
1512,44.1
1513,44.1
1514,45.0
1515,41.0
1516,41.0
1517,39.0
1518,37.9
1519,37.0
1520,36.0
1521,36.0
1522,36.0
1523,37.0
1524,37.0
1525,37.0
1526,37.9
1527,39.0
1528,39.0
1529,39.0
1530,39.0
1531,39.0
1532,37.9
1533,37.0
1534,37.0
1535,37.0
1536,37.0
1537,36.0
1538,36.0
1539,36.0
1540,36.0
1541,35.1
1542,35.1
1543,35.1
1544,35.1
1545,35.1
1546,35.1
1547,35.1
1548,35.6
1549,35.1
1550,35.1
1551,35.1
1552,35.1
1553,35.1
1554,35.1
1555,36.0
1556,36.0
1557,36.0
1558,36.0
1559,36.0
1560,36.0
1561,37.0
1562,37.0
1563,37.0
1564,37.0
1565,37.0
1566,37.9
1567,37.9
1568,37.9
1569,37.9
1570,37.9
1571,37.4
1572,37.9
1573,37.9
1574,37.9
1575,37.9
1576,37.9
1577,37.9
1578,37.9
1579,37.9
1580,39.2
1581,39.0
1582,39.0
1583,39.9
1584,39.9
1585,39.9
1586,39.9
1587,41.0
1588,41.0
1589,41.0
1590,41.0
1591,42.1
1592,41.0
1593,42.1
1594,42.1
1595,43.0
1596,43.0
1597,43.0
1598,44.1
1599,45.0
1600,45.0
1601,46.0
1602,46.9
1603,54.0
1604,55.0
1605,55.0
1606,55.0
1607,54.0
1608,54.0
1609,55.0
1610,55.0
1611,55.4
1612,55.0
1613,55.0
1614,55.9
1615,55.9
1616,57.9
1617,57.0
1618,57.9
1619,57.0
1620,57.0
1621,57.9
1622,57.9
1623,57.9
1624,57.0
1625,57.0
1626,59.0
1627,60.1
1628,59.0
1629,59.0
1630,60.1
1631,57.0
1632,55.9
1633,53.1
1634,53.1
1635,53.1
1636,53.1
1637,55.0
1638,53.1
1639,52.0
1640,52.0
1641,51.1
1642,50.0
1643,50.0
1644,48.9
1645,48.2
1646,48.0
1647,48.0
1648,48.0
1649,46.9
1650,45.0
1651,39.9
1652,41.0
1653,41.0
1654,39.9
1655,39.9
1656,39.9
1657,39.0
1658,39.0
1659,39.0
1660,39.9
1661,39.9
1662,39.9
1663,37.9
1664,37.9
1665,37.9
1666,37.9
1667,36.0
1668,36.0
1669,35.1
1670,34.0
1671,33.1
1672,32.0
1673,30.9
1674,32.0
1675,33.1
1676,34.0
1677,35.1
1678,35.1
1679,36.0
1680,35.1
1681,35.1
1682,34.0
1683,32.0
1684,32.0
1685,30.0
1686,30.0
1687,28.9
1688,28.0
1689,28.0
1690,27.0
1691,27.0
1692,27.0
1693,26.1
1694,27.0
1695,27.0
1696,27.0
1697,28.0
1698,30.0
1699,30.9
1700,32.0
1701,36.0
1702,37.0
1703,39.0
1704,39.9
1705,41.0
1706,39.9
1707,39.9
1708,39.9
1709,39.0
1710,39.0
1711,39.0
1712,39.0
1713,39.0
1714,39.0
1715,39.0
1716,37.9
1717,37.9
1718,37.9
1719,37.9
1720,39.0
1721,39.0
1722,41.0
1723,45.0
1724,48.9
1725,53.1
1726,57.0
1727,57.9
1728,60.1
1729,60.1
1730,60.1
1731,59.0
1732,57.9
1733,57.0
1734,55.0
1735,53.1
1736,51.1
1737,52.0
1738,51.1
1739,51.1
1740,50.0
1741,50.0
1742,50.0
1743,51.1
1744,50.0
1745,50.0
1746,52.0
1747,52.0
1748,50.0
1749,46.9
1750,52.0
1751,57.0
1752,60.1
1753,60.1
1754,57.9
1755,55.0
1756,53.1
1757,51.1
1758,48.9
1759,48.0
1760,48.0
1761,46.9
1762,48.0
1763,46.0
1764,46.9
1765,46.0
1766,42.1
1767,41.0
1768,39.9
1769,39.0
1770,39.0
1771,42.1
1772,44.1
1773,46.9
1774,48.9
1775,51.1
1776,48.0
1777,46.9
1778,45.0
1779,45.0
1780,45.0
1781,46.0
1782,48.0
1783,48.9
1784,48.9
1785,48.9
1786,50.0
1787,52.0
1788,52.0
1789,52.0
1790,51.1
1791,51.1
1792,50.0
1793,53.1
1794,55.0
1795,54.0
1796,50.0
1797,51.1
1798,46.9
1799,44.1
1800,43.0
1801,42.1
1802,39.9
1803,39.9
1804,42.1
1805,39.9
1806,39.9
1807,39.0
1808,37.0
1809,35.1
1810,34.0
1811,32.0
1812,30.9
1813,30.0
1814,28.9
1815,28.0
1816,28.0
1817,27.0
1818,26.1
1819,26.1
1820,26.1
1821,26.1
1822,26.1
1823,26.1
1824,28.0
1825,30.9
1826,32.0
1827,34.0
1828,34.0
1829,34.0
1830,35.1
1831,35.1
1832,34.0
1833,35.1
1834,35.1
1835,34.0
1836,34.0
1837,34.0
1838,35.1
1839,33.1
1840,32.0
1841,32.0
1842,30.9
1843,30.9
1844,30.9
1845,30.9
1846,30.2
1847,30.9
1848,30.9
1849,30.9
1850,30.9
1851,30.0
1852,30.9
1853,30.0
1854,30.9
1855,30.9
1856,30.0
1857,30.0
1858,30.0
1859,30.0
1860,30.0
1861,30.2
1862,30.0
1863,30.0
1864,30.9
1865,30.2
1866,30.9
1867,30.0
1868,30.0
1869,30.0
1870,30.0
1871,30.0
1872,30.0
1873,30.0
1874,30.0
1875,30.9
1876,30.0
1877,30.0
1878,30.9
1879,30.9
1880,30.9
1881,32.0
1882,34.0
1883,35.1
1884,36.0
1885,37.0
1886,39.0
1887,39.0
1888,37.9
1889,37.0
1890,36.0
1891,35.1
1892,34.0
1893,34.0
1894,33.1
1895,32.0
1896,30.9
1897,30.9
1898,30.0
1899,30.0
1900,28.9
1901,28.0
1902,28.9
1903,30.0
1904,32.0
1905,35.1
1906,37.0
1907,36.0
1908,37.9
1909,37.9
1910,39.9
1911,39.0
1912,37.9
1913,37.0
1914,36.0
1915,35.1
1916,36.0
1917,35.1
1918,34.0
1919,35.1
1920,34.0
1921,34.0
1922,33.1
1923,32.0
1924,33.1
1925,33.1
1926,34.0
1927,36.0
1928,37.0
1929,37.9
1930,39.9
1931,39.9
1932,42.1
1933,44.1
1934,44.1
1935,44.1
1936,43.0
1937,42.1
1938,39.9
1939,39.9
1940,39.9
1941,39.0
1942,39.0
1943,37.9
1944,37.9
1945,37.0
1946,37.0
1947,39.0
1948,36.0
1949,37.0
1950,37.9
1951,39.9
1952,44.1
1953,46.9
1954,50.0
1955,53.1
1956,55.9
1957,57.9
1958,60.1
1959,60.1
1960,60.1
1961,59.0
1962,57.0
1963,55.9
1964,55.0
1965,55.0
1966,54.0
1967,53.1
1968,53.1
1969,51.1
1970,52.0
1971,50.0
1972,48.0
1973,48.9
1974,50.0
1975,54.0
1976,57.9
1977,62.1
1978,64.9
1979,62.1
1980,62.1
1981,60.1
1982,55.9
1983,55.0
1984,53.1
1985,51.1
1986,51.1
1987,50.0
1988,50.0
1989,48.9
1990,48.0
1991,46.9
1992,46.9
1993,46.0
1994,46.0
1995,45.0
1996,45.0
1997,45.0
1998,48.9
1999,55.0
2000,59.0
2001,64.9
2002,69.1
2003,73.9
2004,75.9
2005,73.0
2006,71.1
2007,72.0
2008,69.1
2009,72.0
2010,71.1
2011,72.0
2012,70.0
2013,69.1
2014,69.1
2015,66.9
2016,66.9
2017,66.0
2018,64.9
2019,64.9
2020,64.0
2021,64.0
2022,64.0
2023,66.9
2024,71.1
2025,73.9
2026,73.9
2027,75.0
2028,75.9
2029,77.0
2030,78.1
2031,77.0
2032,75.9
2033,75.0
2034,75.0
2035,72.0
2036,69.1
2037,69.1
2038,68.0
2039,66.9
2040,66.0
2041,64.0
2042,57.9
2043,55.9
2044,55.9
2045,55.9
2046,55.9
2047,55.9
2048,55.9
2049,55.9
2050,57.0
2051,57.9
2052,57.9
2053,55.9
2054,57.9
2055,59.0
2056,59.0
2057,62.1
2058,63.0
2059,63.0
2060,61.0
2061,59.0
2062,57.0
2063,55.0
2064,53.1
2065,51.1
2066,50.0
2067,48.0
2068,46.9
2069,46.0
2070,44.1
2071,43.0
2072,41.0
2073,39.9
2074,41.0
2075,43.0
2076,46.9
2077,48.9
2078,53.1
2079,55.9
2080,57.0
2081,57.9
2082,55.9
2083,55.0
2084,55.9
2085,55.9
2086,57.0
2087,55.9
2088,55.9
2089,55.0
2090,54.0
2091,53.1
2092,52.0
2093,52.0
2094,52.0
2095,52.0
2096,53.1
2097,53.1
2098,54.0
2099,55.9
2100,57.9
2101,60.1
2102,60.1
2103,61.0
2104,61.0
2105,61.0
2106,62.1
2107,61.0
2108,61.0
2109,60.1
2110,57.0
2111,55.0
2112,53.1
2113,52.0
2114,52.0
2115,50.0
2116,50.0
2117,51.1
2118,51.1
2119,51.1
2120,50.0
2121,48.0
2122,46.9
2123,46.0
2124,43.0
2125,43.0
2126,43.0
2127,43.0
2128,43.0
2129,43.0
2130,44.1
2131,43.0
2132,43.0
2133,42.1
2134,41.0
2135,42.1
2136,41.0
2137,41.0
2138,41.0
2139,41.0
2140,39.9
2141,39.9
2142,39.9
2143,41.0
2144,42.1
2145,42.1
2146,42.1
2147,42.1
2148,43.0
2149,44.1
2150,44.1
2151,44.1
2152,45.0
2153,45.0
2154,45.0
2155,45.0
2156,45.0
2157,45.0
2158,45.0
2159,46.0
2160,48.0
2161,48.9
2162,50.0
2163,52.0
2164,53.1
2165,53.1
2166,54.0
2167,54.0
2168,54.0
2169,55.9
2170,55.9
2171,55.0
2172,55.0
2173,52.0
2174,51.1
2175,52.0
2176,53.1
2177,52.0
2178,51.1
2179,50.0
2180,48.9
2181,48.9
2182,48.9
2183,50.0
2184,53.1
2185,55.9
2186,57.9
2187,59.0
2188,60.1
2189,64.0
2190,62.6
2191,62.1
2192,59.0
2193,55.9
2194,53.1
2195,53.1
2196,52.0
2197,50.0
2198,50.0
2199,50.0
2200,48.9
2201,48.0
2202,48.0
2203,46.9
2204,46.9
2205,46.0
2206,46.0
2207,46.9
2208,46.9
2209,48.2
2210,48.0
2211,48.0
2212,50.0
2213,51.1
2214,55.0
2215,57.9
2216,61.0
2217,60.1
2218,55.0
2219,60.1
2220,59.0
2221,51.1
2222,53.1
2223,54.0
2224,54.0
2225,53.1
2226,53.1
2227,53.1
2228,52.0
2229,51.1
2230,50.0
2231,50.0
2232,48.9
2233,48.0
2234,48.0
2235,48.0
2236,48.9
2237,51.1
2238,52.0
2239,55.0
2240,55.9
2241,55.9
2242,55.0
2243,55.9
2244,53.1
2245,53.1
2246,52.0
2247,51.1
2248,48.9
2249,48.0
2250,45.0
2251,43.0
2252,42.1
2253,41.0
2254,41.0
2255,39.0
2256,37.9
2257,37.0
2258,36.0
2259,37.0
2260,37.9
2261,39.9
2262,39.9
2263,42.1
2264,44.1
2265,44.1
2266,45.0
2267,45.0
2268,45.0
2269,46.0
2270,46.0
2271,45.0
2272,45.0
2273,44.1
2274,43.0
2275,39.9
2276,39.0
2277,37.9
2278,37.0
2279,36.0
2280,35.1
2281,34.0
2282,33.1
2283,32.0
2284,34.0
2285,34.0
2286,34.0
2287,36.0
2288,37.0
2289,39.0
2290,41.0
2291,39.9
2292,39.0
2293,39.0
2294,39.0
2295,39.0
2296,36.0
2297,35.1
2298,35.1
2299,34.0
2300,34.0
2301,34.0
2302,34.0
2303,34.0
2304,33.1
2305,33.1
2306,34.0
2307,33.1
2308,33.1
2309,34.0
2310,34.0
2311,34.0
2312,34.0
2313,34.0
2314,33.1
2315,33.1
2316,33.1
2317,33.1
2318,33.8
2319,33.1
2320,33.8
2321,33.1
2322,33.1
2323,33.1
2324,33.1
2325,33.1
2326,33.1
2327,33.1
2328,32.0
2329,32.0
2330,32.0
2331,32.0
2332,32.0
2333,32.0
2334,32.0
2335,32.0
2336,32.0
2337,32.0
2338,34.0
2339,37.0
2340,39.9
2341,44.1
2342,46.9
2343,48.0
2344,48.0
2345,48.9
2346,46.9
2347,46.0
2348,44.1
2349,43.0
2350,42.1
2351,41.0
2352,39.0
2353,37.9
2354,37.0
2355,36.0
2356,36.0
2357,36.0
2358,36.0
2359,36.0
2360,35.1
2361,35.1
2362,37.0
2363,41.0
2364,43.0
2365,45.0
2366,48.0
2367,51.1
2368,54.0
2369,54.0
2370,55.0
2371,55.0
2372,54.0
2373,53.1
2374,53.1
2375,52.0
2376,51.1
2377,48.9
2378,48.9
2379,50.0
2380,48.9
2381,48.9
2382,50.0
2383,50.0
2384,50.0
2385,51.1
2386,52.0
2387,55.0
2388,57.9
2389,60.1
2390,62.1
2391,64.9
2392,66.9
2393,69.1
2394,71.1
2395,70.0
2396,69.1
2397,66.0
2398,63.0
2399,60.1
2400,57.9
2401,54.0
2402,53.1
2403,50.0
2404,46.0
2405,45.0
2406,45.0
2407,44.1
2408,44.1
2409,44.1
2410,45.0
2411,46.0
2412,46.9
2413,48.2
2414,48.9
2415,48.9
2416,51.1
2417,53.1
2418,53.1
2419,53.1
2420,51.1
2421,50.0
2422,48.9
2423,48.0
2424,46.9
2425,46.0
2426,46.0
2427,46.0
2428,46.0
2429,45.0
2430,45.0
2431,45.0
2432,46.0
2433,46.0
2434,46.9
2435,46.9
2436,46.9
2437,46.9
2438,50.0
2439,50.0
2440,51.1
2441,52.0
2442,53.1
2443,53.1
2444,61.0
2445,64.0
2446,66.0
2447,66.9
2448,66.9
2449,66.9
2450,66.0
2451,64.0
2452,64.9
2453,68.0
2454,71.1
2455,71.1
2456,71.1
2457,70.0
2458,68.0
2459,63.0
2460,59.0
2461,55.0
2462,52.0
2463,48.0
2464,44.1
2465,43.0
2466,39.9
2467,41.0
2468,41.0
2469,39.9
2470,39.9
2471,39.0
2472,37.9
2473,39.0
2474,41.0
2475,43.0
2476,45.0
2477,48.9
2478,50.0
2479,54.0
2480,54.0
2481,53.1
2482,48.9
2483,46.9
2484,45.0
2485,44.1
2486,44.6
2487,44.1
2488,43.0
2489,43.0
2490,43.0
2491,44.1
2492,43.0
2493,43.0
2494,43.0
2495,43.0
2496,43.0
2497,43.0
2498,43.0
2499,43.0
2500,43.0
2501,46.0
2502,46.9
2503,51.1
2504,52.0
2505,51.1
2506,54.0
2507,51.1
2508,50.0
2509,48.0
2510,46.9
2511,45.0
2512,45.0
2513,45.0
2514,45.0
2515,45.0
2516,45.0
2517,45.0
2518,44.1
2519,45.0
2520,44.1
2521,42.1
2522,42.1
2523,42.1
2524,42.1
2525,42.1
2526,42.8
2527,42.1
2528,42.1
2529,42.1
2530,42.1
2531,42.1
2532,42.1
2533,42.1
2534,42.1
2535,43.0
2536,43.0
2537,43.0
2538,43.0
2539,44.1
2540,43.0
2541,44.1
2542,44.6
2543,44.1
2544,44.1
2545,45.0
2546,45.0
2547,45.0
2548,46.9
2549,46.9
2550,46.9
2551,46.0
2552,48.2
2553,48.9
2554,53.1
2555,57.0
2556,60.1
2557,60.1
2558,57.0
2559,55.9
2560,55.0
2561,52.0
2562,51.1
2563,50.0
2564,48.0
2565,46.9
2566,46.0
2567,45.0
2568,45.0
2569,45.0
2570,44.1
2571,44.1
2572,44.1
2573,46.0
2574,48.0
2575,48.9
2576,50.0
2577,51.1
2578,52.0
2579,52.0
2580,52.0
2581,50.0
2582,48.9
2583,48.0
2584,46.0
2585,44.1
2586,43.0
2587,41.0
2588,39.9
2589,39.0
2590,37.9
2591,37.9
2592,37.9
2593,37.0
2594,37.0
2595,37.9
2596,42.1
2597,46.0
2598,48.0
2599,52.0
2600,51.1
2601,53.1
2602,52.0
2603,50.0
2604,48.0
2605,50.0
2606,48.9
2607,48.9
2608,48.9
2609,48.9
2610,46.9
2611,48.9
2612,50.0
2613,50.0
2614,50.0
2615,50.0
2616,51.1
2617,52.0
2618,52.0
2619,55.0
2620,57.9
2621,62.1
2622,64.9
2623,66.9
2624,69.1
2625,70.0
2626,72.0
2627,72.0
2628,68.0
2629,66.9
2630,64.9
2631,64.0
2632,64.0
2633,62.1
2634,62.1
2635,64.0
2636,64.0
2637,64.9
2638,66.0
2639,66.0
2640,66.9
2641,66.0
2642,64.4
2643,64.0
2644,72.0
2645,75.0
2646,78.1
2647,78.1
2648,77.0
2649,71.1
2650,66.0
2651,69.1
2652,69.1
2653,69.8
2654,62.1
2655,61.0
2656,60.1
2657,57.9
2658,55.9
2659,54.0
2660,54.0
2661,54.0
2662,54.0
2663,54.0
2664,54.0
2665,54.0
2666,54.0
2667,54.0
2668,54.0
2669,54.0
2670,52.0
2671,50.0
2672,48.9
2673,51.1
2674,51.1
2675,52.0
2676,55.0
2677,54.0
2678,55.0
2679,55.0
2680,52.0
2681,50.0
2682,50.0
2683,51.1
2684,50.0
2685,43.0
2686,41.0
2687,42.1
2688,41.0
2689,37.0
2690,37.0
2691,35.1
2692,34.0
2693,34.0
2694,35.1
2695,36.0
2696,37.9
2697,37.9
2698,39.0
2699,39.9
2700,39.9
2701,39.9
2702,39.9
2703,39.0
2704,37.9
2705,37.9
2706,37.9
2707,37.0
2708,36.0
2709,36.0
2710,37.0
2711,37.9
2712,37.0
2713,39.0
2714,39.0
2715,39.45
2716,39.9
2717,43.0
2718,43.0
2719,43.0
2720,43.0
2721,44.1
2722,44.1
2723,41.0
2724,39.0
2725,36.0
2726,34.0
2727,33.1
2728,33.1
2729,32.0
2730,30.9
2731,30.0
2732,28.9
2733,28.0
2734,28.0
2735,27.0
2736,27.0
2737,26.55
2738,26.1
2739,27.0
2740,28.0
2741,30.0
2742,32.0
2743,34.0
2744,36.0
2745,39.0
2746,39.0
2747,42.1
2748,41.0
2749,41.0
2750,39.9
2751,39.0
2752,37.9
2753,37.0
2754,36.0
2755,33.1
2756,33.1
2757,32.0
2758,32.0
2759,30.9
2760,30.9
2761,30.0
2762,30.0
2763,32.0
2764,34.0
2765,37.0
2766,43.0
2767,44.1
2768,45.0
2769,45.0
2770,45.0
2771,44.1
2772,43.0
2773,45.0
2774,44.1
2775,44.1
2776,44.1
2777,45.0
2778,46.0
2779,46.9
2780,48.2
2781,48.0
2782,48.0
2783,48.9
2784,52.0
2785,53.1
2786,54.0
2787,54.0
2788,54.0
2789,55.9
2790,55.0
2791,55.0
2792,55.0
2793,53.1
2794,55.0
2795,55.0
2796,55.0
2797,55.4
2798,57.9
2799,57.0
2800,57.0
2801,57.0
2802,55.9
2803,55.0
2804,55.4
2805,54.0
2806,52.0
2807,50.0
2808,48.9
2809,48.0
2810,48.0
2811,45.0
2812,45.0
2813,46.4
2814,44.1
2815,45.0
2816,46.9
2817,46.0
2818,46.0
2819,46.9
2820,44.1
2821,45.0
2822,44.1
2823,46.0
2824,46.4
2825,46.0
2826,45.0
2827,44.1
2828,43.0
2829,43.0
2830,41.0
2831,39.9
2832,39.0
2833,39.0
2834,37.9
2835,37.9
2836,37.9
2837,39.9
2838,42.1
2839,42.1
2840,42.1
2841,43.0
2842,39.0
2843,37.9
2844,37.9
2845,37.9
2846,37.9
2847,39.0
2848,39.9
2849,41.0
2850,42.1
2851,42.1
2852,39.9
2853,37.9
2854,36.0
2855,35.1
2856,34.0
2857,33.1
2858,32.0
2859,32.0
2860,30.9
2861,32.0
2862,33.1
2863,36.0
2864,39.9
2865,42.1
2866,44.1
2867,46.0
2868,48.0
2869,48.9
2870,48.9
2871,46.9
2872,45.0
2873,44.1
2874,46.9
2875,46.9
2876,46.0
2877,44.1
2878,43.0
2879,44.1
2880,44.1
2881,44.1
2882,45.0
2883,45.0
2884,46.0
2885,46.45
2886,46.9
2887,48.9
2888,50.0
2889,52.0
2890,55.0
2891,61.0
2892,61.0
2893,61.0
2894,62.1
2895,60.1
2896,57.9
2897,55.0
2898,55.0
2899,57.0
2900,55.9
2901,55.0
2902,55.0
2903,55.0
2904,53.1
2905,53.1
2906,54.0
2907,55.0
2908,57.0
2909,55.9
2910,55.9
2911,55.9
2912,57.0
2913,46.9
2914,45.0
2915,46.0
2916,48.0
2917,55.0
2918,57.0
2919,57.0
2920,57.0
2921,54.0
2922,52.0
2923,48.2
2924,46.9
2925,46.0
2926,46.0
2927,45.0
2928,44.1
2929,43.0
2930,42.1
2931,41.0
2932,39.9
2933,39.9
2934,42.1
2935,44.1
2936,45.0
2937,48.9
2938,50.0
2939,52.0
2940,54.0
2941,54.0
2942,55.0
2943,57.0
2944,55.9
2945,53.1
2946,50.0
2947,46.9
2948,46.9
2949,46.0
2950,46.0
2951,45.0
2952,45.0
2953,45.0
2954,45.0
2955,44.6
2956,45.0
2957,46.9
2958,48.0
2959,51.1
2960,54.0
2961,57.0
2962,60.1
2963,60.1
2964,61.0
2965,62.1
2966,57.0
2967,54.0
2968,50.0
2969,48.0
2970,46.9
2971,46.0
2972,45.0
2973,45.0
2974,46.0
2975,45.0
2976,45.0
2977,44.1
2978,43.0
2979,44.1
2980,46.9
2981,50.0
2982,52.0
2983,53.1
2984,57.0
2985,57.0
2986,60.1
2987,62.1
2988,64.0
2989,63.0
2990,62.1
2991,59.0
2992,55.9
2993,48.9
2994,48.0
2995,46.9
2996,46.9
2997,46.9
2998,46.9
2999,46.0
3000,45.0
3001,44.1
3002,45.0
3003,48.0
3004,51.1
3005,53.1
3006,55.9
3007,57.9
3008,61.0
3009,64.0
3010,66.0
3011,64.0
3012,66.0
3013,63.0
3014,62.1
3015,53.1
3016,51.1
3017,48.9
3018,48.0
3019,46.9
3020,46.9
3021,46.9
3022,46.9
3023,45.0
3024,46.0
3025,45.0
3026,46.0
3027,48.9
3028,53.1
3029,55.9
3030,60.1
3031,64.0
3032,64.9
3033,68.0
3034,71.1
3035,73.0
3036,73.9
3037,69.1
3038,66.0
3039,61.0
3040,57.9
3041,55.9
3042,55.0
3043,54.0
3044,52.0
3045,52.0
3046,53.1
3047,52.0
3048,51.1
3049,52.0
3050,52.0
3051,59.0
3052,64.9
3053,68.0
3054,72.0
3055,73.9
3056,78.1
3057,78.1
3058,81.0
3059,81.0
3060,77.0
3061,75.0
3062,71.1
3063,66.0
3064,64.0
3065,64.9
3066,64.9
3067,64.9
3068,64.0
3069,64.0
3070,62.1
3071,61.0
3072,63.0
3073,64.9
3074,64.0
3075,64.45
3076,64.9
3077,66.0
3078,68.0
3079,70.0
3080,71.1
3081,70.0
3082,70.0
3083,71.1
3084,70.0
3085,69.1
3086,66.9
3087,64.9
3088,63.0
3089,61.0
3090,59.0
3091,57.0
3092,55.0
3093,53.1
3094,53.1
3095,52.0
3096,51.1
3097,50.0
3098,50.0
3099,50.9
3100,54.0
3101,57.0
3102,59.0
3103,62.1
3104,64.0
3105,66.0
3106,66.0
3107,66.9
3108,68.0
3109,66.9
3110,61.0
3111,57.0
3112,55.9
3113,57.0
3114,57.0
3115,54.0
3116,53.1
3117,52.0
3118,52.0
3119,50.0
3120,48.9
3121,50.0
3122,50.0
3123,51.1
3124,54.0
3125,57.0
3126,62.1
3127,64.9
3128,69.1
3129,68.0
3130,70.0
3131,71.1
3132,71.1
3133,70.0
3134,69.1
3135,70.0
3136,69.1
3137,69.1
3138,68.0
3139,66.9
3140,66.0
3141,66.0
3142,66.0
3143,64.9
3144,64.9
3145,63.0
3146,63.0
3147,64.9
3148,66.9
3149,69.1
3150,72.0
3151,75.9
3152,77.0
3153,78.1
3154,77.0
3155,77.0
3156,77.0
3157,75.9
3158,75.9
3159,73.9
3160,73.9
3161,72.0
3162,71.1
3163,71.1
3164,66.9
3165,64.0
3166,64.0
3167,64.0
3168,63.0
3169,63.0
3170,62.6
3171,63.0
3172,63.0
3173,63.0
3174,63.0
3175,62.1
3176,62.1
3177,62.1
3178,61.0
3179,61.0
3180,61.0
3181,61.0
3182,64.0
3183,64.9
3184,66.0
3185,70.0
3186,69.1
3187,66.9
3188,68.0
3189,64.9
3190,62.1
3191,61.0
3192,59.0
3193,57.9
3194,57.0
3195,55.0
3196,53.1
3197,51.1
3198,50.0
3199,48.9
3200,46.9
3201,48.0
3202,48.0
3203,50.0
3204,52.0
3205,55.0
3206,57.9
3207,61.0
3208,62.1
3209,66.0
3210,66.0
3211,68.0
3212,63.0
3213,57.9
3214,55.0
3215,54.0
3216,53.1
3217,52.0
3218,52.0
3219,51.1
3220,51.1
3221,52.0
3222,53.1
3223,52.0
3224,53.1
3225,54.0
3226,55.0
3227,57.0
3228,59.0
3229,61.0
3230,64.9
3231,64.9
3232,64.0
3233,66.0
3234,66.0
3235,66.9
3236,66.0
3237,63.0
3238,61.0
3239,59.0
3240,59.0
3241,57.9
3242,57.0
3243,55.9
3244,55.0
3245,55.0
3246,55.0
3247,53.6
3248,52.0
3249,52.0
3250,52.0
3251,51.1
3252,52.0
3253,52.0
3254,52.0
3255,53.1
3256,53.1
3257,55.9
3258,55.9
3259,55.0
3260,55.0
3261,55.9
3262,55.9
3263,55.0
3264,57.0
3265,57.9
3266,57.0
3267,60.1
3268,55.9
3269,54.0
3270,53.1
3271,52.0
3272,52.0
3273,51.1
3274,51.1
3275,51.1
3276,50.0
3277,48.9
3278,46.9
3279,48.0
3280,46.9
3281,48.0
3282,46.9
3283,46.9
3284,46.9
3285,46.9
3286,46.9
3287,46.0
3288,46.0
3289,46.9
3290,46.9
3291,46.9
3292,48.9
3293,50.0
3294,51.1
3295,52.0
3296,53.1
3297,55.9
3298,57.9
3299,59.0
3300,62.1
3301,59.0
3302,57.9
3303,55.0
3304,54.0
3305,54.0
3306,54.0
3307,54.0
3308,53.1
3309,53.1
3310,52.0
3311,51.1
3312,51.1
3313,48.9
3314,48.0
3315,48.0
3316,48.9
3317,50.0
3318,53.1
3319,54.0
3320,55.9
3321,57.9
3322,55.9
3323,55.0
3324,55.0
3325,55.0
3326,53.1
3327,51.1
3328,50.0
3329,50.0
3330,50.0
3331,50.0
3332,48.9
3333,48.9
3334,48.9
3335,48.9
3336,50.0
3337,50.0
3338,48.9
3339,50.0
3340,48.9
3341,50.0
3342,52.0
3343,54.0
3344,55.0
3345,57.0
3346,55.9
3347,57.0
3348,55.0
3349,54.0
3350,52.0
3351,52.0
3352,46.9
3353,48.0
3354,48.9
3355,46.0
3356,45.0
3357,46.9
3358,48.0
3359,48.0
3360,46.9
3361,46.9
3362,46.9
3363,48.0
3364,48.9
3365,51.1
3366,53.1
3367,55.9
3368,60.1
3369,62.1
3370,62.1
3371,62.1
3372,64.0
3373,61.0
3374,57.0
3375,55.0
3376,53.1
3377,52.0
3378,51.1
3379,50.0
3380,50.0
3381,50.0
3382,50.0
3383,50.0
3384,50.0
3385,50.0
3386,50.0
3387,50.0
3388,48.9
3389,48.0
3390,46.9
3391,48.2
3392,48.0
3393,48.0
3394,48.0
3395,46.9
3396,46.9
3397,46.9
3398,46.9
3399,48.0
3400,48.0
3401,48.0
3402,48.9
3403,48.0
3404,48.0
3405,48.2
3406,48.0
3407,48.0
3408,48.0
3409,48.0
3410,46.9
3411,46.9
3412,46.9
3413,46.9
3414,46.4
3415,46.9
3416,45.0
3417,45.0
3418,45.0
3419,46.0
3420,46.0
3421,45.0
3422,45.0
3423,45.0
3424,45.0
3425,45.0
3426,45.0
3427,46.0
3428,46.0
3429,46.0
3430,46.0
3431,46.0
3432,46.0
3433,46.9
3434,48.0
3435,48.0
3436,48.0
3437,48.9
3438,48.9
3439,50.0
3440,50.0
3441,51.1
3442,52.0
3443,51.1
3444,52.0
3445,52.0
3446,53.1
3447,55.0
3448,57.0
3449,55.9
3450,57.0
3451,57.0
3452,59.0
3453,57.9
3454,59.0
3455,59.0
3456,59.0
3457,59.0
3458,57.9
3459,55.9
3460,57.0
3461,57.0
3462,57.0
3463,55.0
3464,55.0
3465,55.0
3466,54.0
3467,53.1
3468,53.1
3469,54.0
3470,54.0
3471,53.1
3472,53.1
3473,53.1
3474,53.1
3475,53.1
3476,53.1
3477,53.1
3478,53.1
3479,53.1
3480,53.1
3481,52.0
3482,52.0
3483,51.1
3484,51.1
3485,51.1
3486,51.1
3487,52.0
3488,52.0
3489,52.0
3490,52.0
3491,52.0
3492,52.0
3493,52.0
3494,51.1
3495,52.0
3496,51.8
3497,52.0
3498,52.0
3499,51.1
3500,52.0
3501,53.1
3502,53.1
3503,54.0
3504,54.0
3505,54.0
3506,53.1
3507,53.1
3508,51.8
3509,52.0
3510,52.0
3511,52.0
3512,52.0
3513,52.0
3514,53.1
3515,52.0
3516,52.0
3517,52.0
3518,51.1
3519,51.1
3520,51.1
3521,50.0
3522,50.0
3523,50.0
3524,50.0
3525,50.0
3526,50.0
3527,50.0
3528,50.0
3529,48.9
3530,48.9
3531,48.9
3532,50.0
3533,51.1
3534,51.1
3535,51.1
3536,50.0
3537,50.0
3538,50.0
3539,50.0
3540,48.9
3541,50.0
3542,51.1
3543,50.0
3544,50.0
3545,50.0
3546,50.0
3547,50.0
3548,50.0
3549,50.0
3550,50.0
3551,50.0
3552,50.0
3553,50.0
3554,50.0
3555,48.9
3556,48.9
3557,48.9
3558,48.0
3559,48.0
3560,48.0
3561,46.9
3562,46.9
3563,46.9
3564,46.9
3565,46.9
3566,46.9
3567,46.9
3568,46.9
3569,48.0
3570,48.0
3571,48.0
3572,50.0
3573,51.1
3574,52.0
3575,54.0
3576,54.0
3577,55.9
3578,57.0
3579,55.9
3580,55.9
3581,55.9
3582,55.9
3583,55.0
3584,55.0
3585,54.0
3586,54.0
3587,54.0
3588,54.0
3589,54.0
3590,53.1
3591,52.0
3592,52.0
3593,50.0
3594,50.0
3595,48.9
3596,48.0
3597,48.9
3598,48.0
3599,48.0
3600,48.0
3601,48.0
3602,48.2
3603,48.0
3604,48.0
3605,48.0
3606,48.0
3607,48.0
3608,48.9
3609,48.2
3610,48.9
3611,48.9
3612,48.0
3613,48.0
3614,48.0
3615,48.0
3616,48.0
3617,48.9
3618,48.0
3619,48.9
3620,48.9
3621,48.9
3622,48.9
3623,48.9
3624,50.0
3625,50.0
3626,50.0
3627,51.1
3628,52.0
3629,52.0
3630,53.1
3631,53.1
3632,53.1
3633,52.0
3634,52.0
3635,51.1
3636,50.0
3637,50.0
3638,50.0
3639,50.0
3640,50.0
3641,50.0
3642,50.0
3643,48.9
3644,48.2
3645,48.9
3646,48.9
3647,48.9
3648,48.9
3649,48.9
3650,48.9
3651,48.9
3652,48.9
3653,48.0
3654,48.9
3655,48.9
3656,50.0
3657,50.0
3658,50.0
3659,51.1
3660,52.0
3661,53.1
3662,54.0
3663,55.9
3664,55.0
3665,57.0
3666,57.0
3667,57.0
3668,57.0
3669,57.0
3670,57.9
3671,59.0
3672,57.9
3673,57.0
3674,57.0
3675,55.9
3676,55.0
3677,54.0
3678,52.0
3679,52.0
3680,52.0
3681,52.0
3682,51.1
3683,51.1
3684,52.0
3685,50.0
3686,50.0
3687,50.0
3688,51.1
3689,52.0
3690,50.0
3691,50.0
3692,50.0
3693,50.0
3694,51.1
3695,52.0
3696,52.0
3697,52.0
3698,52.0
3699,53.1
3700,55.0
3701,55.0
3702,57.9
3703,59.0
3704,61.0
3705,62.1
3706,63.0
3707,64.9
3708,64.0
3709,64.0
3710,64.0
3711,64.0
3712,63.0
3713,61.0
3714,59.0
3715,57.0
3716,57.9
3717,57.0
3718,55.0
3719,54.0
3720,54.0
3721,52.0
3722,54.0
3723,55.0
3724,55.0
3725,55.9
3726,57.9
3727,62.1
3728,66.9
3729,70.0
3730,71.1
3731,71.1
3732,72.0
3733,71.1
3734,71.1
3735,70.0
3736,68.0
3737,66.0
3738,64.9
3739,64.0
3740,62.1
3741,59.0
3742,55.9
3743,54.0
3744,53.1
3745,51.1
3746,51.1
3747,51.1
3748,51.1
3749,53.1
3750,55.0
3751,57.0
3752,59.0
3753,61.0
3754,62.1
3755,62.1
3756,59.0
3757,59.0
3758,60.1
3759,60.1
3760,59.0
3761,57.9
3762,57.9
3763,57.0
3764,57.0
3765,55.9
3766,55.0
3767,53.1
3768,52.0
3769,52.0
3770,51.1
3771,50.0
3772,53.1
3773,57.9
3774,62.1
3775,64.0
3776,66.9
3777,72.0
3778,73.9
3779,73.9
3780,73.9
3781,73.9
3782,73.9
3783,72.0
3784,71.1
3785,68.0
3786,68.0
3787,66.9
3788,64.9
3789,64.0
3790,63.0
3791,61.0
3792,62.1
3793,59.0
3794,59.0
3795,57.0
3796,57.9
3797,63.0
3798,64.9
3799,66.9
3800,69.1
3801,73.9
3802,77.0
3803,79.0
3804,73.9
3805,73.9
3806,72.0
3807,66.0
3808,61.2
3809,59.4
3810,59.0
3811,58.5
3812,57.9
3813,57.2
3814,57.9
3815,57.9
3816,57.9
3817,57.9
3818,57.9
3819,59.0
3820,60.1
3821,62.8
3822,63.5
3823,64.9
3824,63.1
3825,63.7
3826,63.3
3827,63.3
3828,61.9
3829,61.0
3830,61.0
3831,61.5
3832,63.5
3833,63.0
3834,62.6
3835,59.9
3836,59.0
3837,57.2
3838,57.0
3839,56.3
3840,59.0
3841,60.8
3842,64.4
3843,65.5
3844,69.8
3845,71.6
3846,68.0
3847,66.2
3848,69.8
3849,69.8
3850,64.4
3851,62.6
3852,60.8
3853,60.8
3854,59.0
3855,55.4
3856,53.6
3857,51.8
3858,50.0
3859,50.4
3860,52.0
3861,54.0
3862,54.9
3863,57.2
3864,54.0
3865,53.2
3866,55.4
3867,55.4
3868,55.4
3869,55.4
3870,53.6
3871,53.6
3872,50.0
3873,50.0
3874,48.2
3875,46.4
3876,46.4
3877,46.4
3878,44.6
3879,44.6
3880,42.8
3881,42.8
3882,42.8
3883,46.4
3884,46.4
3885,48.2
3886,48.2
3887,51.8
3888,55.4
3889,59.0
3890,60.8
3891,62.6
3892,64.4
3893,66.2
3894,66.2
3895,64.9
3896,64.4
3897,64.0
3898,62.1
3899,60.8
3900,61.0
3901,60.1
3902,61.0
3903,57.9
3904,57.0
3905,55.4
3906,55.4
3907,55.4
3908,55.4
3909,55.4
3910,57.2
3911,59.0
3912,60.8
3913,62.6
3914,60.8
3915,64.4
3916,64.4
3917,62.6
3918,60.1
3919,60.8
3920,60.1
3921,57.9
3922,57.9
3923,55.9
3924,55.9
3925,55.4
3926,55.4
3927,55.4
3928,51.8
3929,53.6
3930,51.8
3931,51.8
3932,53.6
3933,53.6
3934,53.6
3935,55.4
3936,57.2
3937,59.0
3938,60.8
3939,62.6
3940,64.4
3941,68.0
3942,66.2
3943,64.4
3944,62.6
3945,59.0
3946,57.9
3947,57.9
3948,57.0
3949,57.0
3950,55.0
3951,55.0
3952,55.0
3953,55.0
3954,55.0
3955,55.0
3956,55.0
3957,55.0
3958,57.0
3959,57.9
3960,60.1
3961,62.1
3962,66.0
3963,66.9
3964,71.1
3965,69.1
3966,68.0
3967,64.9
3968,64.0
3969,63.0
3970,63.0
3971,60.1
3972,57.9
3973,57.0
3974,57.0
3975,59.0
3976,59.0
3977,57.9
3978,57.9
3979,57.9
3980,54.0
3981,54.0
3982,55.0
3983,57.0
3984,59.0
3985,64.0
3986,66.9
3987,70.0
3988,73.9
3989,75.0
3990,75.0
3991,75.0
3992,75.0
3993,71.1
3994,68.0
3995,66.0
3996,64.9
3997,64.0
3998,64.0
3999,63.0
4000,62.1
4001,61.0
4002,59.0
4003,59.0
4004,57.9
4005,57.0
4006,59.0
4007,62.1
4008,62.1
4009,62.1
4010,63.0
4011,64.0
4012,66.0
4013,64.0
4014,63.0
4015,63.0
4016,63.0
4017,63.0
4018,59.0
4019,55.9
4020,55.0
4021,55.9
4022,55.9
4023,55.9
4024,54.0
4025,54.0
4026,54.0
4027,54.0
4028,53.1
4029,52.0
4030,52.0
4031,53.1
4032,53.1
4033,54.0
4034,57.9
4035,59.0
4036,62.1
4037,66.0
4038,68.0
4039,68.0
4040,69.1
4041,69.1
4042,66.9
4043,66.0
4044,66.0
4045,64.9
4046,63.0
4047,63.0
4048,61.0
4049,59.0
4050,57.9
4051,57.9
4052,57.0
4053,57.0
4054,57.0
4055,55.9
4056,57.9
4057,61.0
4058,64.0
4059,66.0
4060,70.0
4061,73.9
4062,75.9
4063,77.0
4064,75.0
4065,73.9
4066,72.0
4067,64.0
4068,62.1
4069,63.0
4070,64.0
4071,64.0
4072,63.0
4073,63.0
4074,62.1
4075,63.0
4076,57.9
4077,59.0
4078,57.9
4079,57.9
4080,59.0
4081,59.0
4082,59.0
4083,60.1
4084,61.0
4085,63.0
4086,64.0
4087,66.0
4088,70.0
4089,73.0
4090,71.1
4091,70.0
4092,68.0
4093,69.1
4094,68.0
4095,69.1
4096,66.9
4097,66.0
4098,64.0
4099,64.0
4100,64.0
4101,63.0
4102,63.0
4103,61.0
4104,62.1
4105,64.0
4106,66.0
4107,70.0
4108,73.0
4109,78.1
4110,82.9
4111,84.9
4112,86.0
4113,87.1
4114,86.0
4115,86.0
4116,84.9
4117,82.9
4118,82.9
4119,80.1
4120,80.1
4121,78.1
4122,77.0
4123,75.0
4124,73.9
4125,73.0
4126,73.0
4127,72.0
4128,70.0
4129,71.1
4130,73.9
4131,75.9
4132,78.1
4133,82.9
4134,86.0
4135,88.0
4136,89.1
4137,88.0
4138,87.1
4139,84.9
4140,82.9
4141,82.9
4142,81.0
4143,78.1
4144,75.9
4145,75.9
4146,75.9
4147,75.9
4148,75.0
4149,73.9
4150,73.9
4151,73.9
4152,73.9
4153,75.0
4154,75.0
4155,75.9
4156,79.0
4157,82.0
4158,84.0
4159,86.0
4160,84.9
4161,82.0
4162,79.0
4163,79.0
4164,81.0
4165,80.1
4166,78.1
4167,78.1
4168,78.1
4169,77.0
4170,75.9
4171,75.0
4172,75.0
4173,73.0
4174,72.0
4175,71.1
4176,71.1
4177,72.0
4178,73.0
4179,75.9
4180,78.1
4181,82.9
4182,87.1
4183,89.1
4184,90.0
4185,90.0
4186,88.0
4187,88.0
4188,86.0
4189,82.9
4190,82.0
4191,81.0
4192,80.1
4193,80.1
4194,78.1
4195,77.0
4196,75.9
4197,75.0
4198,73.9
4199,73.0
4200,72.0
4201,73.0
4202,73.9
4203,77.0
4204,79.0
4205,82.0
4206,84.0
4207,86.0
4208,84.9
4209,82.0
4210,79.0
4211,77.0
4212,75.9
4213,75.9
4214,73.9
4215,73.0
4216,72.0
4217,71.1
4218,71.1
4219,71.1
4220,70.0
4221,70.0
4222,69.1
4223,69.1
4224,70.0
4225,70.0
4226,70.0
4227,70.0
4228,70.0
4229,70.0
4230,71.1
4231,70.0
4232,70.0
4233,70.0
4234,70.0
4235,70.0
4236,70.0
4237,70.0
4238,70.0
4239,70.0
4240,70.0
4241,70.0
4242,70.0
4243,70.0
4244,70.0
4245,70.0
4246,70.0
4247,70.0
4248,70.0
4249,68.0
4250,69.1
4251,69.1
4252,71.1
4253,72.0
4254,73.0
4255,75.9
4256,78.1
4257,79.0
4258,79.0
4259,77.0
4260,77.0
4261,77.0
4262,77.0
4263,75.9
4264,75.9
4265,75.2
4266,75.9
4267,75.0
4268,75.0
4269,73.9
4270,73.0
4271,73.0
4272,73.0
4273,73.0
4274,73.0
4275,72.0
4276,72.0
4277,72.0
4278,73.0
4279,72.0
4280,72.0
4281,72.0
4282,72.0
4283,72.0
4284,72.0
4285,73.0
4286,73.9
4287,75.9
4288,78.1
4289,81.0
4290,82.0
4291,84.9
4292,82.9
4293,80.1
4294,80.1
4295,78.1
4296,78.1
4297,75.0
4298,73.9
4299,73.9
4300,73.9
4301,73.9
4302,73.0
4303,72.0
4304,70.0
4305,71.1
4306,71.1
4307,70.0
4308,72.0
4309,73.0
4310,75.0
4311,77.0
4312,77.0
4313,79.0
4314,80.1
4315,80.1
4316,82.0
4317,81.0
4318,80.1
4319,78.1
4320,75.9
4321,75.0
4322,71.1
4323,70.0
4324,68.0
4325,66.9
4326,66.0
4327,64.9
4328,64.0
4329,63.0
4330,63.0
4331,63.0
4332,63.0
4333,64.0
4334,66.0
4335,66.9
4336,69.1
4337,71.1
4338,75.0
4339,75.9
4340,75.0
4341,73.9
4342,73.9
4343,72.0
4344,69.1
4345,66.0
4346,64.9
4347,64.9
4348,64.0
4349,64.0
4350,64.9
4351,64.9
4352,64.9
4353,64.0
4354,64.0
4355,64.0
4356,64.9
4357,64.0
4358,64.0
4359,64.0
4360,64.0
4361,64.0
4362,63.0
4363,63.0
4364,63.0
4365,64.0
4366,64.0
4367,64.0
4368,64.0
4369,64.9
4370,66.0
4371,66.0
4372,66.2
4373,66.9
4374,68.0
4375,66.9
4376,69.1
4377,70.0
4378,69.1
4379,69.1
4380,70.0
4381,69.1
4382,68.0
4383,69.1
4384,68.0
4385,69.1
4386,68.0
4387,66.9
4388,66.9
4389,66.9
4390,68.0
4391,68.0
4392,66.9
4393,68.0
4394,68.0
4395,69.1
4396,70.0
4397,71.1
4398,72.0
4399,72.0
4400,73.9
4401,75.0
4402,78.1
4403,80.1
4404,82.0
4405,80.1
4406,82.9
4407,79.0
4408,75.9
4409,75.0
4410,72.0
4411,70.0
4412,70.0
4413,69.8
4414,69.1
4415,69.1
4416,68.0
4417,66.9
4418,68.0
4419,66.0
4420,66.9
4421,66.9
4422,66.0
4423,66.9
4424,66.9
4425,66.0
4426,66.0
4427,66.0
4428,66.0
4429,66.9
4430,66.9
4431,66.2
4432,66.0
4433,66.0
4434,66.9
4435,66.9
4436,68.0
4437,66.0
4438,66.0
4439,64.9
4440,64.9
4441,64.4
4442,64.9
4443,64.9
4444,64.9
4445,66.0
4446,66.9
4447,66.9
4448,66.9
4449,68.0
4450,69.1
4451,70.0
4452,70.0
4453,70.0
4454,70.0
4455,70.0
4456,70.0
4457,70.0
4458,66.2
4459,66.0
4460,66.0
4461,66.0
4462,66.0
4463,66.0
4464,66.9
4465,66.0
4466,66.2
4467,66.0
4468,66.0
4469,66.0
4470,66.0
4471,66.0
4472,66.0
4473,66.0
4474,66.9
4475,66.0
4476,66.9
4477,66.9
4478,69.1
4479,71.1
4480,72.0
4481,75.0
4482,78.1
4483,80.1
4484,81.0
4485,82.0
4486,82.0
4487,82.0
4488,81.0
4489,80.1
4490,81.0
4491,79.0
4492,78.1
4493,78.1
4494,77.0
4495,75.9
4496,73.9
4497,73.9
4498,73.0
4499,72.0
4500,72.0
4501,71.1
4502,73.0
4503,75.0
4504,75.9
4505,79.0
4506,81.0
4507,82.9
4508,82.9
4509,84.0
4510,78.1
4511,73.9
4512,75.9
4513,75.0
4514,73.0
4515,72.0
4516,70.0
4517,68.0
4518,64.9
4519,64.0
4520,64.0
4521,63.0
4522,62.1
4523,61.0
4524,60.1
4525,61.0
4526,61.0
4527,63.0
4528,64.0
4529,66.0
4530,64.9
4531,57.9
4532,55.9
4533,55.9
4534,55.0
4535,54.0
4536,53.1
4537,53.1
4538,52.0
4539,54.0
4540,55.0
4541,57.9
4542,59.0
4543,61.0
4544,62.1
4545,61.0
4546,60.1
4547,60.1
4548,59.0
4549,57.9
4550,57.0
4551,55.9
4552,55.9
4553,55.0
4554,54.0
4555,54.0
4556,55.0
4557,55.9
4558,57.0
4559,59.0
4560,62.1
4561,64.9
4562,66.2
4563,66.9
4564,66.9
4565,69.1
4566,69.1
4567,69.8
4568,70.0
4569,71.1
4570,71.1
4571,71.1
4572,70.0
4573,69.1
4574,66.9
4575,66.9
4576,66.0
4577,64.0
4578,63.0
4579,62.1
4580,61.0
4581,61.0
4582,59.0
4583,59.0
4584,57.9
4585,57.0
4586,57.0
4587,57.9
4588,59.0
4589,62.1
4590,64.0
4591,66.0
4592,69.1
4593,72.0
4594,73.0
4595,73.9
4596,75.9
4597,75.9
4598,75.9
4599,75.9
4600,75.9
4601,75.0
4602,73.0
4603,72.0
4604,70.0
4605,68.0
4606,66.0
4607,63.0
4608,63.0
4609,63.0
4610,62.1
4611,61.0
4612,61.0
4613,60.1
4614,63.0
4615,68.0
4616,70.0
4617,71.1
4618,73.0
4619,75.9
4620,77.0
4621,80.1
4622,82.0
4623,82.0
4624,84.9
4625,86.0
4626,87.1
4627,84.9
4628,84.9
4629,86.0
4630,84.0
4631,81.0
4632,82.0
4633,79.0
4634,79.0
4635,79.0
4636,78.1
4637,78.1
4638,78.1
4639,78.1
4640,78.1
4641,78.1
4642,78.1
4643,79.0
4644,81.0
4645,81.0
4646,82.0
4647,82.0
4648,82.0
4649,82.0
4650,80.1
4651,78.1
4652,78.1
4653,77.0
4654,75.9
4655,73.0
4656,71.1
4657,69.1
4658,66.9
4659,64.9
4660,64.0
4661,63.0
4662,62.1
4663,61.0
4664,60.1
4665,59.0
4666,57.9
4667,57.0
4668,57.9
4669,59.0
4670,61.0
4671,63.0
4672,66.9
4673,68.0
4674,69.1
4675,73.9
4676,71.1
4677,72.0
4678,71.1
4679,71.1
4680,69.1
4681,68.0
4682,66.0
4683,66.0
4684,64.9
4685,64.9
4686,64.0
4687,64.0
4688,62.1
4689,61.0
4690,60.1
4691,59.0
4692,59.0
4693,60.1
4694,62.1
4695,64.0
4696,68.0
4697,71.1
4698,73.9
4699,75.9
4700,77.0
4701,79.0
4702,78.1
4703,78.1
4704,77.0
4705,75.9
4706,75.0
4707,73.9
4708,71.1
4709,70.0
4710,66.9
4711,66.9
4712,66.0
4713,66.9
4714,64.0
4715,62.1
4716,64.9
4717,66.9
4718,69.1
4719,73.0
4720,75.9
4721,79.0
4722,82.0
4723,84.0
4724,82.9
4725,82.9
4726,81.0
4727,79.0
4728,77.0
4729,77.0
4730,75.9
4731,75.0
4732,75.9
4733,75.0
4734,75.0
4735,73.0
4736,73.0
4737,69.1
4738,68.0
4739,68.0
4740,66.9
4741,66.9
4742,66.9
4743,66.9
4744,66.0
4745,66.0
4746,66.0
4747,66.9
4748,66.0
4749,66.9
4750,66.9
4751,69.1
4752,70.0
4753,71.1
4754,68.0
4755,66.9
4756,69.1
4757,72.0
4758,72.0
4759,72.0
4760,71.1
4761,70.0
4762,69.1
4763,68.0
4764,68.0
4765,69.1
4766,68.0
4767,68.0
4768,66.9
4769,66.0
4770,64.9
4771,66.9
4772,70.0
4773,71.1
4774,72.0
4775,71.1
4776,73.9
4777,73.9
4778,72.0
4779,75.9
4780,75.9
4781,75.0
4782,72.0
4783,70.0
4784,68.0
4785,66.0
4786,64.9
4787,64.0
4788,63.0
4789,63.0
4790,63.0
4791,63.0
4792,63.0
4793,62.1
4794,62.1
4795,64.0
4796,66.0
4797,69.1
4798,72.0
4799,75.0
4800,81.0
4801,84.0
4802,86.0
4803,86.0
4804,82.0
4805,81.0
4806,80.1
4807,77.0
4808,75.0
4809,73.9
4810,73.0
4811,73.0
4812,71.1
4813,71.1
4814,71.1
4815,69.1
4816,69.1
4817,68.0
4818,68.0
4819,68.0
4820,69.1
4821,72.0
4822,75.0
4823,79.0
4824,82.9
4825,87.1
4826,84.0
4827,82.0
4828,80.1
4829,77.0
4830,73.0
4831,73.0
4832,70.0
4833,69.1
4834,68.0
4835,68.0
4836,66.9
4837,66.0
4838,66.0
4839,66.0
4840,66.0
4841,64.0
4842,64.9
4843,66.9
4844,69.1
4845,72.0
4846,75.9
4847,79.0
4848,80.1
4849,81.0
4850,82.0
4851,82.0
4852,80.1
4853,79.0
4854,78.1
4855,78.1
4856,78.1
4857,77.0
4858,78.1
4859,80.1
4860,78.1
4861,79.0
4862,78.1
4863,77.0
4864,77.0
4865,77.0
4866,75.9
4867,75.0
4868,72.0
4869,73.0
4870,75.9
4871,79.0
4872,82.9
4873,82.9
4874,84.9
4875,86.0
4876,86.0
4877,84.9
4878,81.0
4879,80.1
4880,80.1
4881,80.1
4882,78.1
4883,77.0
4884,73.9
4885,73.0
4886,73.0
4887,71.1
4888,70.0
4889,69.1
4890,70.0
4891,69.1
4892,72.0
4893,73.9
4894,77.0
4895,80.1
4896,82.9
4897,84.0
4898,82.0
4899,84.0
4900,82.9
4901,84.0
4902,82.9
4903,82.0
4904,80.1
4905,79.0
4906,77.0
4907,75.9
4908,73.0
4909,73.0
4910,73.9
4911,71.1
4912,71.1
4913,70.0
4914,70.0
4915,69.1
4916,71.1
4917,73.9
4918,75.9
4919,77.0
4920,75.9
4921,78.1
4922,79.0
4923,80.1
4924,81.0
4925,79.0
4926,78.1
4927,77.0
4928,75.0
4929,73.0
4930,73.0
4931,72.0
4932,72.0
4933,71.1
4934,71.1
4935,70.0
4936,71.1
4937,69.1
4938,70.0
4939,70.0
4940,72.0
4941,72.0
4942,73.0
4943,75.9
4944,79.0
4945,82.0
4946,82.9
4947,82.9
4948,82.0
4949,80.1
4950,77.0
4951,75.9
4952,73.0
4953,71.1
4954,70.0
4955,71.1
4956,69.1
4957,68.0
4958,66.9
4959,66.9
4960,66.0
4961,64.9
4962,64.9
4963,66.9
4964,69.1
4965,72.0
4966,73.0
4967,75.9
4968,80.1
4969,82.9
4970,84.0
4971,84.9
4972,81.0
4973,80.1
4974,77.0
4975,75.9
4976,73.0
4977,72.0
4978,71.1
4979,69.1
4980,68.0
4981,69.1
4982,68.0
4983,68.0
4984,69.1
4985,69.1
4986,68.0
4987,69.1
4988,72.0
4989,73.9
4990,77.0
4991,80.1
4992,82.9
4993,86.0
4994,84.9
4995,82.9
4996,82.0
4997,80.1
4998,79.0
4999,75.9
5000,75.0
5001,73.9
5002,75.0
5003,73.9
5004,73.0
5005,72.0
5006,71.1
5007,70.0
5008,70.0
5009,68.0
5010,66.9
5011,69.1
5012,70.0
5013,72.0
5014,73.9
5015,77.0
5016,79.0
5017,82.0
5018,82.9
5019,80.1
5020,79.0
5021,78.1
5022,77.0
5023,75.9
5024,73.9
5025,73.0
5026,71.1
5027,70.0
5028,70.0
5029,70.0
5030,70.0
5031,70.0
5032,70.0
5033,69.1
5034,70.0
5035,70.0
5036,70.0
5037,69.8
5038,69.1
5039,69.1
5040,69.1
5041,69.1
5042,70.0
5043,70.0
5044,70.0
5045,69.1
5046,69.1
5047,69.1
5048,69.1
5049,70.0
5050,70.0
5051,70.0
5052,69.1
5053,69.8
5054,69.1
5055,69.1
5056,69.1
5057,70.0
5058,70.0
5059,71.1
5060,71.1
5061,71.1
5062,72.0
5063,73.9
5064,73.9
5065,73.9
5066,73.9
5067,75.0
5068,75.0
5069,73.9
5070,73.0
5071,72.0
5072,72.0
5073,71.1
5074,71.1
5075,71.1
5076,71.6
5077,71.1
5078,71.1
5079,71.1
5080,69.1
5081,69.1
5082,69.1
5083,68.0
5084,68.0
5085,69.1
5086,68.0
5087,68.0
5088,66.9
5089,68.0
5090,68.0
5091,68.0
5092,68.0
5093,68.0
5094,68.0
5095,68.0
5096,68.0
5097,68.0
5098,69.1
5099,72.0
5100,72.0
5101,73.0
5102,75.0
5103,78.1
5104,78.1
5105,80.1
5106,82.0
5107,81.0
5108,81.0
5109,82.0
5110,82.0
5111,81.0
5112,79.0
5113,78.1
5114,77.0
5115,75.0
5116,73.0
5117,71.1
5118,71.1
5119,69.1
5120,69.1
5121,68.0
5122,68.0
5123,68.0
5124,70.0
5125,72.0
5126,75.0
5127,77.0
5128,81.0
5129,82.9
5130,84.0
5131,82.9
5132,84.0
5133,84.0
5134,81.0
5135,78.1
5136,78.1
5137,77.0
5138,75.9
5139,75.9
5140,75.9
